epoch,global_step,stochastic_remo0,353,0.4032
1,705,0.3910888888888889
2,1057,0.6452666666666667
